8,1128,paper,-17.407250181629216,-24.0180042557581,-19.24978261610907,-23.663827225921434,-22.928046825301198
8,1129,paper,0.4099976259287793,-17.499127903851672,-8.676787993104965,-9.34895538581778,0.9394637514896619
8,1130,paper,15.22370083827943,-7.9705610510787555,-7.644691996438732,-7.8757874485366015,9.060671410658825
8,1131,paper,15.517093034292387,-3.1552069099161724,-6.075989252748825,0.5909902877264762,7.580405251332525
8,1132,paper,15.495220073567468,-3.260477344585771,-7.090159513566216,-6.856811205174111,7.5064297327864855
8,1133,paper,-24.080022907945153,-33.844638289289946,-26.517350353940625,-29.021531671118925,-31.94330777703087
8,1134,paper,-30.57131554554275,-34.775327263118534,-20.829471149547352,22.290810919551117,23.81691774953828
8,1135,paper,-18.830004639003217,-28.48944118596372,-23.043119712543692,-31.36447377882325,-32.76676534507284
8,1136,paper,-27.58958021496472,-28.492240081358432,-24.389766646426665,-27.06850955945361,-28.317448156001213
8,1137,paper,2.1267966995124192,-7.315821771460573,-6.644062734014004,-2.256975529361808,2.937969830654628
9,1306,paper,6.147433226764608,-18.029440804558053,-16.635603350981686,-19.627072792505846,-23.26450718506199
9,1307,paper,2.7377645535641917,-19.605062402370898,-19.33296099571771,-21.082994065667815,-26.042293329650438
9,1308,paper,4.965599626779122,-19.754267386958425,-19.547048228879355,-21.189013597003065,-20.046678000966825
9,1309,paper,-2.655074629122962,-18.78711906939957,-21.46515074929919,-20.891677625146652,-19.793803064552392
9,1310,paper,7.015333037955118,-17.904691127481158,-17.567110240415513,-17.083415363027214,-21.064086342032642
9,1311,paper,7.3358308410113,-16.478736249936983,-15.612843113914854,-15.179599601545364,-20.15206665601411
9,1312,paper,14.121194623452281,-13.598611156654368,-17.06514880984118,-18.181605251995837,-22.916457829059848
9,1313,paper,13.784920216363059,-20.630686495534654,-21.42795741135954,-19.75252465197939,-23.2848131603188
9,1314,paper,13.452929812850156,-11.946210630860909,-13.743107453961736,-16.2421009219566,-22.995722807111644
9,1315,paper,13.6574878106451,-19.064465013288014,-20.31628707195757,-19.663143500689234,-23.699974588081364
2,147,paper,-29.64648321813132,15.733856317322267,-14.779876169384911,-20.76768473363945,-29.915936772103432
2,148,paper,-26.139516319063368,21.581539107419758,-9.612063411420797,-16.216867855949744,-26.313893306067143
10,1484,paper,-19.24909735034023,-6.750790399079752,-17.063036756740562,-20.972896553042844,-15.256321943912441
10,1485,paper,-3.84261632214362,1.4398595880491214,-7.822473229084077,-4.1960897199770715,8.70330943801142
10,1486,paper,-3.619869296065946,26.862133660955504,1.9670766115449192,-0.434168034589816,9.489096390448177
10,1487,paper,-18.29261313375425,-1.8000092692384002,-9.266153087267373,-5.3261457244836805,8.460358799890297
10,1488,paper,-19.609611948753745,10.296269314651454,-3.415649273987039,-2.963099069170226,7.603494562586074
10,1489,paper,-20.338276720749693,-1.3436822467168417,-11.4242010664185,-7.801241793227112,3.9217506524689
2,149,paper,-4.6250546595124735,22.85585509018054,-5.38563784212676,-11.931456128374137,-28.855253147001942
10,1490,paper,-21.869908390357228,-10.223437928091478,-14.442306474658258,-16.01409729776613,-8.971768604822735
10,1491,paper,-19.15702348894115,-4.05640914297589,-11.227703629446996,-7.205711898836949,6.332044817025064
10,1492,paper,-19.65600957700347,10.653913119136636,-8.071537077289982,-4.829199718399368,11.35107904230112
10,1493,paper,-19.18977573217965,10.959221582241614,-5.082370378710853,-1.5715193511046992,14.258818847184795
2,150,paper,-20.06003578715884,20.297566084347533,-3.0964707948735084,-15.41405152550395,-29.90843356323833
2,151,paper,-1.3919424423922946,39.676057180741445,7.123392622333368,3.621150053306823,-11.662373448563763
2,152,paper,-8.938027396748218,15.068585359853799,-0.60143983017963,-10.776236526719345,-18.56746769173743
2,153,paper,-5.904870602060448,19.181836262085888,1.6062399677703092,-9.254877992464273,-26.631492704287542
2,154,paper,0.5484235382010344,26.915267407154406,3.1308445520641,2.9602360254121804,-15.800755203469741
2,155,paper,1.8045584732287474,29.235338878452062,9.478962580528371,5.056390479267516,-13.907759260293005
2,156,paper,-1.2878771586168285,25.352590667549983,4.606367761646453,2.6075212200179916,-13.29927610888701
11,1662,paper,-0.3746344688658819,-17.01566048247466,-16.561787557038393,-23.32915212529416,-21.257098262141234
11,1663,paper,-17.964166384090124,-12.539128042667082,-12.476762707366868,-20.674111162306687,-21.983911663988135
11,1664,paper,1.6083363032308309,-10.903551564212089,-1.1565735186591044,-19.252473948517135,-21.628305104335148
11,1665,paper,16.938488662767803,-13.00212605109474,-13.558545967856912,-20.91217810455649,-19.16320010873108
11,1666,paper,16.262752041809748,-12.364128653143492,-1.9589801424097577,-16.92090477323664,-14.04080268622763
11,1667,paper,15.734120430405401,-16.302519483237845,-16.955094324124577,-23.45184727164223,-24.26212252046984
11,1668,paper,20.346567639777035,-9.903012046444813,-2.450801366718476,-17.4911160752904,-14.394323643779659
11,1669,paper,21.96200435787374,-18.216796719848748,-16.76533778636499,-21.294193655281376,-20.80753921216617
11,1670,paper,3.3680053006245303,-16.852532295894243,-15.736777165207672,-23.372701887939684,-26.213873593372618
11,1671,paper,-0.2360604282089739,-18.951936536539556,-17.863048433475157,-24.998017358836172,-28.46437716742934
23,1840,paper,-5.0104021503684475,-10.677115576379256,-17.53736198506408,-15.679914616009794,-6.716247969961506
23,1841,paper,-10.914031803313403,-18.946816489471,-18.86750191841531,-17.297719314653115,-7.101560739063262
23,1842,paper,-4.0103018137944275,-22.271548781059657,-24.023003219779138,-22.145400327529472,-20.13891406459191
23,1843,paper,-4.87288218756824,-8.639894326560778,-9.161092724925847,-1.7069157305244045,-0.5305138824604522
23,1844,paper,-4.69616339513457,-16.4316031839545,-17.705201234464297,-12.292102196061276,-12.818170881785422
23,1845,paper,-9.573347914524964,-14.547145725980853,-17.599311098366304,-16.272585346656935,-4.507669394802009
23,1846,paper,-5.830822913615475,-13.468235928878668,-16.502036625711444,-15.696360730218151,-17.152570793078958
23,1847,paper,-8.159674954951909,-13.663898956988861,-14.270779558484167,-13.523751177535626,-7.179695181532962
23,1848,paper,-5.782809132525165,-17.474170548838202,-17.943651988309245,-18.288502948002126,-7.128601455463844
23,1849,paper,-3.851999755462112,-10.282315429207081,-13.544977939791668,-11.508041142825366,-1.3985237849094092
24,2018,paper,-6.320417903858697,-23.542311782247147,-25.31636753356956,-27.58717971197069,-29.871708607526422
24,2019,paper,-22.048273318771848,-23.744178140997306,-22.790140650300483,-28.5067774586488,-30.407970647272993
24,2020,paper,-19.68421204522056,-24.061008319450632,-24.03527175309154,-28.88592516892495,-27.167891168468653
24,2021,paper,-25.751608923243307,-23.777960438332887,-25.492044571528158,-30.02263216319174,-33.75548856583255
24,2022,paper,-19.71397106797924,-17.525858842913827,-20.40639780096019,-26.29097677932306,-29.495870535046187
24,2023,paper,-26.464816866500957,-27.68389430148854,-27.61784368354477,-30.027610068148167,-34.490681880167394
24,2024,paper,-25.467391983188516,-26.549071927796003,-24.0628385322478,-28.255751212975717,-32.25148957181332
24,2025,paper,-3.359167197530625,-31.105111034346063,-21.6726957789194,-28.354228738245755,-32.60879813726443
24,2026,paper,-22.754533058751097,-29.29619661419748,-23.560584235485454,-28.137236415120565,-30.186078415101658
24,2027,paper,-26.059707379390492,-22.202552018630904,-25.880144461772982,-28.717063315384504,-42.20818759827057
12,2199,paper,1.9051070691232845,0.1877800780911896,3.105371060159191,-3.1134261083647847,-24.878566751068274
12,2200,paper,0.5984072267580813,18.124780530012004,8.534478933420242,2.4006526620243207,-19.857957120860423
12,2201,paper,0.12087205390360407,-17.476706787127576,-2.0551001576579653,-7.894816440247486,-28.676119589404543
12,2202,paper,16.048165212785943,-10.902863578776635,-1.3862744433551817,-3.1255014779823886,-11.599101390627885
12,2203,paper,2.1989256404254225,-11.81229231162441,1.1081037095698048,-6.206007330791959,-27.22961111964406
12,2204,paper,17.191004769620264,0.5441729481475692,3.1537387746616594,-1.539592604149294,-9.81777561482092
12,2205,paper,1.130983660387248,0.5975777193023679,3.96470301518351,2.0295263332054496,-5.275143301141924
12,2206,paper,15.813080713564048,2.0341887140712425,5.541110919974736,1.1849263437392434,-8.00032137486421
12,2207,paper,-2.611193442931017,-10.643529053105562,-7.871108553993577,-8.042173030698592,-28.335551629282374
12,2208,paper,-18.63020432033855,-18.92713315346636,-4.042989671041067,-10.312790558238127,-30.756010385409677
13,2377,paper,-1.8527441161104985,-14.647419950595156,-1.4758122264744642,-8.782561733642439,-27.843192743546748
13,2378,paper,16.831512957749382,-12.35128725061176,-0.37440638949089555,-2.4403231355853934,-9.015380281570126
13,2379,paper,-19.248630769333783,-23.468152017855296,-12.569009235389268,-14.923758217570063,-34.41725798617689
13,2380,paper,0.17033090242319415,-25.07318145488919,-14.011184061066386,-19.045303856303843,-41.946395176867874
13,2381,paper,-18.6313152659971,-24.15078500483468,-14.203135816245704,-15.227245443516665,-43.92012215400337
13,2382,paper,-17.35390771789905,-22.110254490629227,-12.429355200743618,-14.356045905016334,-42.845222132030486
13,2383,paper,-15.701764962563558,-25.709034658163613,-10.989049151224867,-20.574857869853474,-41.73789535123935
13,2384,paper,-16.39130602392763,-26.716797528748582,-13.672027872239944,-20.308879051779762,-41.56167141803724
13,2385,paper,-19.216068756256128,-23.97418998515731,-12.631274434702858,-20.490388503186743,-42.82545143919934
13,2386,paper,-18.881320379941823,-27.082550821304586,-12.880221914676472,-21.031982246520712,-41.25124993151449
14,2555,paper,-5.164437239628034,-5.2282826965091695,-3.1146795619995795,2.324068369329722,1.3861002296623628
14,2556,paper,-3.3364858651695095,-16.881828909144513,-14.989768189155741,-1.9799239707746525,-16.637010688156927
14,2557,paper,0.34369329504066093,-8.719934116952349,-9.177710333316982,2.1475016098165045,1.3974760011802365
14,2558,paper,9.938395153155739,-6.846332757837714,-7.915467721279125,4.596718021605513,5.91642169120881
14,2559,paper,11.444596769903672,-7.51410807700017,-7.504021450445749,-4.130589476066297,-6.430837726055742
14,2560,paper,16.51724942184054,13.289655615711647,14.055127741723917,20.6132024870723,16.729866892986745
14,2561,paper,14.502521693933826,2.2695125730497994,-2.2649192143632964,-2.8191595987272002,-6.344912230642065
14,2562,paper,4.12911293527573,-8.59731368167544,-8.038809273557394,-5.593460762536988,-13.120878800770091
14,2563,paper,6.008745141262655,-4.734381278741731,-4.486738313511808,-5.262575532037099,-9.245831484388779
14,2564,paper,8.628398644927225,-2.102573787076188,-4.093321958413196,2.842908559449088,-8.074111256499725
15,2733,paper,-11.471108220715484,-11.262481185251989,-1.2111961569157994,9.315632739106743,3.7871099039665603
15,2734,paper,-7.9891947187296655,-6.571866874983173,7.288639376517356,6.61967223035545,-1.4872183111128543
15,2735,paper,-14.659423489783519,-4.899888108000395,2.639817710997173,10.423808948147379,8.005697239185748
15,2736,paper,-10.97850492857582,-0.5884872506067858,14.29191086301242,10.726427184746257,3.946905413913896
15,2737,paper,-8.893225134802652,-1.7310861858293944,1.7543336831239273,10.85601442742063,8.064960326052317
15,2738,paper,-11.660683669687888,-9.352863202152465,6.650340205581865,7.3637399509131045,0.0868253584697846
15,2739,paper,-28.640328090533394,16.784293841228532,15.194674616761883,8.99044175747516,3.6790291027108477
15,2740,paper,-12.41602234689248,44.518225505232756,38.161112872799606,45.10174262908569,45.25620714232124
15,2741,paper,-13.584222534429237,18.587983729062103,18.924903145925036,16.111617996218605,8.72385734018409
15,2742,paper,-12.977970622871252,9.124439952499474,5.26441411478803,5.763498140623273,2.417898374505752
17,2911,paper,-12.560830379969197,-9.260537880821502,-1.5586776192993084,-0.3179456842141494,1.2356558107080624
17,2912,paper,-12.039604131405035,-5.931497577039579,3.1513964797007734,24.549369300891076,0.3436658532556225
17,2913,paper,-11.92121188081747,-8.568492239947746,-8.072721940262365,-3.92915466005861,2.460813712563259
17,2914,paper,-11.353508350559599,-9.298924668785778,-8.585989960591782,-4.609741638842184,-1.1593909841538452
17,2915,paper,-12.96373096687441,-9.823039516461625,-10.430316239452097,-6.49489991049675,-12.44097223524536
17,2916,paper,-6.979524448305706,-9.196046978068576,-1.7190018897414736,-6.382526701772293,-12.163544938424861
17,2917,paper,-4.6193322856672,-8.386998052826659,-8.772151173494729,-3.2987230707196327,-9.956664108994326
17,2918,paper,-11.997905247133593,-4.570456119481803,2.7127242397342974,-2.7918495824864236,-7.4617963141639825
17,2919,paper,-8.120159167373897,-6.380262736312695,-5.875277090264512,-1.0143413455870973,4.950060941405103
17,2920,paper,-14.517438939470969,-8.389402628824142,-1.170795728186845,-1.1658091146687426,2.51944113278161
18,3026,paper,8.058069259138737,35.6623085470746,12.807681679332298,19.58213437890797,25.442107675422236
18,3027,paper,4.92268214312743,21.176724563406673,-0.6615364309801608,6.834537874643265,3.4048245937564134
18,3028,paper,-12.980784404955974,15.55370270132156,-10.338770132088504,-9.570153072512545,-25.79745211022086
18,3029,paper,-14.435855276051266,16.94776513448403,-4.189304942697374,-2.6144637933136856,-11.804122468111494
18,3030,paper,-9.714502405991501,12.551844412393734,-7.785590842277853,-2.2201209973424163,0.15404916868926433
18,3031,paper,-4.948059903259452,15.379943762275444,-7.603131410646462,-2.292054671319857,1.3375753820350913
18,3032,paper,7.382705502572381,26.459034799678356,20.136934585387763,11.775164155994993,19.319587622481407
19,3267,paper,5.589867778100991,-10.368884944462266,-16.031309661087235,-5.923461297366974,-21.37673991150529
19,3268,paper,12.190377988319483,-4.692108219413506,-15.94663387145959,-6.227446676533444,-22.002750981785145
19,3269,paper,6.248097365237746,-6.700396205450027,-10.887272913512021,-1.9975938480336453,-17.490935061966333
19,3270,paper,7.913758017677168,-1.6571435605087201,-10.182121357872012,0.4617007813553833,-17.261031933576163
19,3271,paper,4.40702943774547,-3.7688890642799424,-10.916326979355023,-0.16708217440843398,-14.705413386639012
19,3272,paper,7.7663124742091245,-6.124432697297201,-13.334777955910036,-3.2005597955170932,-19.207265008563116
19,3273,paper,9.897136599852569,-4.175482393398565,-9.678871439466832,-0.12063078787365804,-19.548027192105543
19,3274,paper,2.1883974969182525,-7.138544739687314,-6.355985127752603,3.9035804698680505,-17.96946976065711
19,3275,paper,4.636610695300817,-2.8557803955393286,-8.515945126977861,2.0372228044768046,-23.33281147787355
19,3276,paper,6.584609895249056,-3.758863232424126,-7.874284490054503,2.8166087681358016,-19.539905226084063
20,3445,paper,-12.213516860865276,-9.185327248192008,-4.383836605286828,7.61396765812595,-0.17284063278349027
20,3446,paper,-7.681192221032048,11.913701769250615,3.0094336558634236,3.1941559486447937,2.157481796683794
20,3447,paper,-1.5859299543204066,-2.851138585813977,7.228521802971207,3.99242129294259,11.384833945049113
20,3448,paper,-10.324202949114163,-9.577483069675186,-4.574655717742931,0.3523026364314955,-3.0177224453395164
20,3449,paper,-9.295121583454256,-4.894286501627516,-1.7973009407380158,2.5850137641038207,5.309394438104822
20,3450,paper,-11.768605277242958,-5.325402441396249,1.7305632861551896,6.644575618398336,7.7666199447798965
20,3451,paper,-13.543206361843264,-3.0504283567331574,-4.800128714287212,1.7686411025288757,-2.4524157620541116
20,3452,paper,-14.513993947739612,-13.145915443524345,-4.671689659212753,2.3101687767095416,-4.001666233933527
20,3453,paper,-10.78696923860181,-12.66780353971794,-10.07556777383987,-1.8430612990814481,-16.179131880033104
20,3454,paper,-6.056336052750949,-4.190318003790637,-0.19173877332966,2.686594150939013,1.0187164913928224
21,3623,paper,-7.5037504187890836,22.50363647694022,8.862474513946584,17.85738947091653,17.827444928827063
21,3624,paper,-7.0478771825134485,16.741303538289245,9.692638662423834,9.178834289377765,11.115705034661964
21,3625,paper,-6.597728537503761,19.22016674691681,15.040271155370519,16.494908593455605,7.343713010933892
21,3626,paper,-6.186993348149895,19.490965617119222,12.345623415657293,10.678175576231245,8.831357030972608
21,3627,paper,-7.956715226030603,16.260861077092102,12.841700014570712,10.127305001912314,15.0309295088674
21,3628,paper,-6.392597202254507,19.445685498121723,20.531347318158744,13.36385417802463,14.862093677873236
21,3629,paper,-5.670070235385868,21.187045505471442,21.3304404397931,13.726744593126611,10.949119928065036
21,3630,paper,-4.073735228270453,7.657082928737457,17.68626341591022,8.131064177577768,7.2570904291179446
21,3631,paper,3.20420603831197,14.6801469747008,20.532503078364478,7.408606149241186,9.430258700372976
21,3632,paper,-6.321042678487121,14.043302351696104,15.814915825609608,11.437951292119582,10.594030163510611
22,3801,paper,0.2140699900134579,-7.780083274482892,-19.525349114887717,-17.330179595194238,-20.360227943067756
22,3802,paper,-1.4342358491699805,-11.988329248380122,-22.258362068303864,-18.618018453081714,-24.033637578737082
22,3803,paper,4.121358025943074,-10.676345256069396,-20.373421826168936,-16.88568074600461,-21.366826445673592
22,3804,paper,-8.517030103210008,-17.320481207597112,-23.418320441109053,-26.471436230243427,-25.964063524202114
22,3805,paper,-5.683600477108859,-16.654866275480828,-23.065402752895988,-20.797872896974855,-20.985350670444348
22,3806,paper,-2.557690206513257,-14.034623786092938,-22.268904194264437,-20.235638537188958,-23.700957914020833
22,3807,paper,8.725925324538174,-7.101789177525531,-18.173454852894924,-12.74359928097097,-22.775451818275236
22,3808,paper,0.6404408405054359,-17.119462454859722,-23.55928136584864,-22.26228191476738,-24.489491835274634
22,3809,paper,8.884192775355745,-7.993492520338494,-18.05302107947797,-15.715321250983258,-21.721449032253588
22,3810,paper,6.827207278958344,-11.122990584681435,-17.17487330402521,-12.881248653347043,-21.328876035483642
16,3979,paper,-7.406435312168008,-14.276903494699027,-1.0766238272427517,-5.674374269658439,-33.37225902592472
16,3980,paper,-2.7968970930293247,20.688189181142544,3.7656876680156626,1.177537151894133,-31.33395582506851
16,3981,paper,-15.048866555987754,19.625249569540042,7.30463768776827,1.725056127328652,-29.148709402101286
16,3982,paper,-15.064418804552504,21.80822463231228,13.057427280495151,5.783808478698332,-38.07183369025727
16,3983,paper,-2.0633817211865533,20.362873607206613,2.931771197575879,0.38234472783854784,-28.218488405815844
16,3984,paper,-2.5119533766350273,23.781857624947513,3.570493651719814,0.6824517351208234,-28.229017359906134
16,3985,paper,-8.553607795392649,20.55619940266345,4.666697550870017,0.8427072171479614,-29.301261272669723
16,3986,paper,-13.50324203921843,-17.427913657858756,-3.2934017130763364,-6.109845063564221,-39.85712098192033
16,3987,paper,-12.293642521268138,-18.174191710083075,-1.3250784805656832,-3.220909115234869,-40.15187046774487
16,3988,paper,-15.082666892562383,-17.815881197967624,1.8081846607149894,-8.289356967496376,-40.68699847724783
5,581,paper,-7.560087282712288,-21.086693127148603,-17.578082442894605,-20.209402109872933,-25.823387925713504
5,582,paper,2.8237946827748246,-8.006643987370028,0.9396148289316099,-10.563653124009997,-10.710167257931214
5,583,paper,-7.593876098230108,-14.98258799703744,-8.820643472610598,-13.39429034947309,-23.624072793232138
5,584,paper,-7.8545374589917,-22.474860868636767,-16.003530328565457,-18.85947362068188,-35.271666462668016
5,585,paper,-5.242121795598713,-21.00895208184799,-14.112427453821207,-17.535349902863533,-36.422287303342614
5,586,paper,11.969190784583272,-15.543894713991445,-10.989874148864802,-11.70449201195038,-20.628333106745405
5,587,paper,-5.478516001304913,-18.521960335508886,-5.9233250069060075,-15.184334458287864,-21.46374297012709
5,588,paper,-6.480796966795148,-20.951404159332228,-21.651560808754507,-20.979855925867472,-36.24265866257767
5,589,paper,-3.1844914048507684,-17.597114191601055,-11.866560522414943,-11.58184130575758,-14.895927349264094
5,590,paper,8.400911764040972,-19.519353547565892,-17.233682174357277,-19.36290086213831,-38.284262590433485
6,759,paper,-17.652009826203194,-7.406028900266357,-4.78005312987609,23.346358603755682,9.402127880893861
6,760,paper,-23.3126389738612,-15.162117064001956,-18.50118847459228,-18.695265862642472,-19.71319311728227
6,761,paper,-19.69518120400797,-16.198620112816254,-11.895973064904114,-13.794181232215758,-13.292620704491792
6,762,paper,-21.401006020243848,-11.903347416073872,-15.887843751052111,-15.796842974445134,-13.717356767360794
6,763,paper,-19.768032329833137,-15.20576600760932,-13.502602047688503,-16.02428954948346,-11.834678220711773
6,764,paper,-19.907041255878443,-18.48141194620333,-12.244910130406188,-16.83273210783727,-16.37100479224867
6,765,paper,-2.282582613480841,-14.905880765917177,-14.570719918837588,-15.533575261340703,-13.76296413797491
6,766,paper,-20.397952585731247,-16.26857465645539,-19.194712119045924,-21.17373505315239,-17.530447646617294
6,767,paper,-4.048749369275651,-18.721873831981362,-17.876341599934456,-18.100775659011937,-16.08667401167131
6,768,paper,-22.359168143927203,-16.79561688833815,-16.89841008775685,-17.047576473767435,-18.59779287801718
8,1194,rock,57.461414830132014,227.80105152182318,231.60018621003755,233.2304209247565,224.8374609474909
8,1195,rock,65.5184437131889,222.51958531076133,230.07396562124597,232.45933690450397,222.3703956095019
8,1196,rock,66.14198911043832,224.3775063972431,232.8635525512318,236.35868436247083,227.02677094974473
8,1197,rock,61.70247922206415,225.86681092839137,232.81334158277565,234.7430898120953,228.72175749133837
8,1198,rock,60.66078737537219,225.48877940154992,227.8485664997471,229.5696898692117,223.0004677251535
8,1199,rock,53.795549290217714,224.33036183401163,229.43789258814311,231.82860989352557,220.3333733476165
8,1200,rock,69.07123187160569,230.49817616882896,233.6936262611076,236.37194337245575,226.20665906176808
8,1201,rock,69.94436993167214,228.9281867925525,235.20568105264283,238.16557773347344,229.17386569451293
8,1202,rock,61.403039919694336,227.52714528407174,232.8192232890161,233.76166704189478,222.31743569616535
8,1203,rock,40.124839216174585,228.99301265357687,229.98646221104514,231.51480051812874,222.4344897211052
9,1372,rock,72.9257143440736,242.16430795371758,234.85264103527928,235.252833374201,223.78101092671682
9,1373,rock,48.615743656591334,144.78212512892492,153.9871596593337,148.50210999295513,146.71479235891852
9,1374,rock,77.31801469970117,239.56054197834172,235.0701944383189,235.88480650426703,223.88013804750148
9,1375,rock,88.34586453159275,246.5673754982785,234.60937022454138,232.6623945549894,224.1281303082288
9,1376,rock,74.68899406633987,235.4074339936096,233.2414133602848,232.11743791219962,217.85846903671737
9,1377,rock,76.46349122817502,232.47117834868126,231.66065907212197,230.2183399820107,217.70095780101374
9,1378,rock,68.66780337322385,247.3916693681343,237.65330806047209,237.40785908822528,222.49137263029866
9,1379,rock,84.30572815075416,224.9656079478956,235.87247446027465,235.86434540247882,219.06560633707474
9,1380,rock,82.28364377296685,234.21076825868258,231.31338208854368,231.13073496948562,219.07494771918516
9,1381,rock,75.58053483832332,244.34770012083283,243.0678457314425,239.94384325812007,224.69648965784887
10,1550,rock,58.973121828094186,217.99565753149474,229.67942488957053,232.65311166432994,226.22856867083155
10,1551,rock,61.555562397423905,221.68265679779336,228.05352072373816,233.1465552357044,227.50856828352786
10,1552,rock,58.04637118562612,219.0620990512902,226.7263491854206,230.75069448914863,226.6302708005161
10,1553,rock,46.421284893216786,168.77882077739667,217.49391693920717,227.54123349082988,224.34786139244008
10,1554,rock,48.31733545080592,193.6979226141862,218.49351623417053,226.26424971258012,224.41853413710956
10,1555,rock,46.69485053668077,155.5270159447775,218.0253236107597,228.5915621429793,224.0506258194041
10,1556,rock,57.20455844455378,213.84200854559393,220.29097945175496,230.24685996941307,227.09823245458048
10,1557,rock,54.90488234584498,210.25941482611165,221.6984869143728,228.03471334149663,221.72294814677127
10,1558,rock,55.46361065834014,141.97080171609602,225.77574253714556,233.52125246631954,229.39184272611675
10,1559,rock,53.34435811567144,211.97621949315726,220.97845083089067,226.72838846302696,224.1673521998322
11,1728,rock,59.001181717440524,232.01408877218682,233.35024311452017,233.93256184816966,224.7990322403454
11,1729,rock,54.50198355733521,235.09154270623006,233.1671541689252,234.7379809958005,223.2733503215091
11,1730,rock,61.27281844003415,231.80930073918393,235.11914268437857,233.1793976553394,224.95247797179823
11,1731,rock,56.70751816899551,226.86057774900777,231.34547233798298,230.71792280326613,221.0669372698155
11,1732,rock,72.73340471915196,230.0097248442946,230.78071977904887,231.67323944476266,221.38149776482626
11,1733,rock,53.43139205930308,222.77219661087622,234.62595328991154,232.5179013676023,222.7235192267132
11,1734,rock,79.54492701156113,250.92875625989245,236.06229540519544,229.60414708379648,219.77536811782528
11,1735,rock,67.812175882064,247.5187462090552,235.4215978487352,228.20258591272776,222.41012308779665
11,1736,rock,54.08347049619345,240.22365188753523,235.43045219779214,232.5355510275475,223.48210631113844
11,1737,rock,69.39820487744598,221.18781696606146,229.39961194491073,228.95258744134847,221.2713033824313
23,1906,rock,59.10565677682044,240.24358743855942,239.20601725599136,242.92572340312,231.38650559131634
23,1907,rock,48.657493133992205,229.9047345296058,229.80695379549314,235.56185562179365,226.7554058959434
23,1908,rock,52.48470394582824,222.53926389271612,225.7732466816344,231.71825677773867,218.22338728828888
23,1909,rock,45.75799967254661,218.25812731398665,228.23893232519754,232.61817813145086,219.12801349354177
23,1910,rock,57.32018175622296,224.2296537853594,228.1698584119632,235.07112337965276,223.57107674640858
23,1911,rock,47.50590048722019,230.75605893757228,233.2096524306546,237.46074991671753,227.84186133825776
23,1912,rock,53.32120347042383,218.9592630755032,219.968354485352,228.3230321299903,214.6458533711317
23,1913,rock,52.699044728956075,234.97927636248932,233.28876101848488,237.66874969566396,224.26838937922918
23,1914,rock,69.4973222704301,240.2268206906989,237.84498565237604,241.73922836671025,224.0984003971199
23,1915,rock,61.93749785650387,228.73968837527423,228.96036084569423,234.51000975943268,222.2145027108894
24,2087,rock,59.08290861274626,220.20305193758887,228.25487786663365,231.27648550306364,224.5026318352539
24,2088,rock,77.22086590228774,240.05098640518895,232.86301994570167,232.5950278396539,223.43304336788555
24,2089,rock,77.65166719602996,242.86757260563127,235.4763469817923,234.39802914734074,225.50761758805868
24,2090,rock,71.49683852070044,243.57938857476003,236.6853718571556,234.68938819036578,224.4778869504009
24,2091,rock,81.23922355700083,234.4993096669224,232.037370740659,232.45916542196193,223.27826680227957
24,2092,rock,71.86743576529841,239.96570988056072,235.35985809495153,235.5871214823292,225.68533367010207
24,2093,rock,78.77262484473982,243.95170414142126,237.9081150044939,238.20787216164914,225.9965129748385
24,2094,rock,73.52916618363064,240.67224183785459,237.0377568605735,237.5238070678278,226.31044784553882
24,2095,rock,71.30327558378676,241.91549364341927,240.2974208014341,240.35679418847397,227.05196097566133
24,2096,rock,74.07030935753977,239.7985819871652,238.09035120305566,237.86735177631436,226.26331877184347
2,213,rock,60.66660456892304,243.20563099428088,251.75192137968367,251.02975179536418,234.98916940300353
2,214,rock,66.6124084829778,189.56924036544197,238.54372990645552,240.2474513626767,228.68045224440425
2,215,rock,83.00689562896389,245.41719769965744,250.17486946803737,247.08250624170088,234.55329785026058
2,216,rock,76.15968670381365,253.13358905925006,249.8591786161351,249.18144393596273,231.46433325292062
2,217,rock,67.56067079384093,231.9486541386244,230.17110846559044,233.67321976975015,223.36768397566425
2,218,rock,58.19678315590143,242.36968689496555,238.90235072779546,238.52893172047754,225.6694473068583
2,219,rock,72.74690264346893,240.83667358105848,234.38586332702502,236.85995896146704,225.7486939086287
2,220,rock,64.93745145026158,240.81792273651453,237.14740719733405,239.04088607158812,228.5329954164963
2,221,rock,79.14628009204654,234.61186473121583,241.85977047497022,244.79250530937477,231.4651000402026
2,222,rock,78.8479868951852,245.25342663059658,250.3429577989549,249.1717191505169,235.46031149271806
12,2265,rock,66.27609750963695,232.8226794680405,244.1509029706199,248.58870443926688,237.40974629029856
12,2266,rock,51.868814079156515,235.19893791272384,232.8101812305314,234.45175431312074,222.75711440335317
12,2267,rock,64.29668226597056,239.3747742932911,235.48797194716894,235.9693195065462,221.89462207047444
12,2268,rock,55.79495122789409,241.3326191038206,234.82820329504386,235.4418385151383,223.05878721630552
12,2269,rock,57.01321085885203,234.6207690965405,232.2143095395576,234.0780411618575,221.47477623298673
12,2270,rock,55.005541463062784,229.85832008733465,228.17555498657234,231.36718287191167,221.05388996901274
12,2271,rock,55.24994758304024,246.36714128054342,240.13652951881642,241.0919981567633,230.4076274124169
12,2272,rock,57.09298730593992,235.4988416517116,234.20532143019443,236.38662551900654,226.36261521944715
12,2273,rock,50.848056597468805,243.85345190866826,235.13694280353036,234.99702368495565,224.56552715363222
12,2274,rock,46.125198003510384,240.4036628011615,235.07590354698502,237.44290536313292,223.9832682775735
13,2443,rock,57.58435308855256,223.38526336464113,233.815713872617,235.05662154326117,229.10299073295926
13,2444,rock,61.041485623686846,227.49034266723706,236.99469923145259,238.33346010754002,230.14770784469047
13,2445,rock,46.985113175354414,222.90635863301242,233.45250983965434,237.41639245385818,230.18058990672662
13,2446,rock,48.121619584122094,220.40490205886394,235.02665328180638,238.52215624835938,231.11341306105268
13,2447,rock,59.69140546791808,232.59847161089328,244.8272517097004,244.67712280657318,235.00280754573956
13,2448,rock,51.217646662618485,221.21391254222948,237.67331922887774,237.33377807810245,230.47630576775992
13,2449,rock,57.73200698465463,231.64157572951459,242.31489240283346,241.3394046469041,230.72195500321342
13,2450,rock,53.36675228092393,223.26702804383385,236.40532804121108,239.02256291361132,231.80409253848697
13,2451,rock,49.501462179116544,220.1623816842476,229.81375434923746,233.08274821227874,226.54616138925851
13,2452,rock,52.42555466480124,218.5704539075444,231.25776201676567,236.16749592391042,229.06726169764386
14,2621,rock,46.02859721036385,223.81853025301797,219.99715713411192,225.39859898019168,213.58668855164936
14,2622,rock,8.715279683986084,200.56818448570883,204.66218949586835,207.2286788882767,186.3746845071832
14,2623,rock,3.513774694191806,135.8027329155787,163.42086524631677,178.160621198976,162.45059848180645
14,2624,rock,28.33722494310443,200.68907612505123,212.9664522151168,218.04688079985073,206.21681367075885
14,2625,rock,27.800284036132982,180.83830097235207,218.883018415034,221.55752777517537,214.28651281212748
14,2626,rock,20.80312201868657,184.28301417301654,195.20815591408564,197.60172229285592,175.33676065146517
14,2627,rock,8.293761462088113,184.53032908982073,189.87163133591397,193.28554666641898,166.39265001564652
14,2628,rock,23.35080636088905,183.42309579054566,199.05405236423596,203.10147036303383,185.28987341272935
14,2629,rock,3.3634218647877105,196.19674474970267,200.6790949098816,204.3748029411088,188.93663417718116
14,2630,rock,5.859779819053332,190.59050334046347,207.61850102019795,208.39635002008762,193.52855158511804
15,2799,rock,102.61035116785955,237.57442483602367,232.7647520117357,234.68745753754203,221.4482328094362
15,2800,rock,87.45302228199562,216.72418713514836,222.15775143298288,233.50750538610265,227.3168432000062
15,2801,rock,93.13518321693168,240.8905993159168,245.57781231711564,249.37022898126816,235.3066109622745
15,2802,rock,99.26670262344179,240.21212807801615,236.1901211128457,243.21066880508565,231.59509420414892
15,2803,rock,90.76853181876103,240.05339897559728,240.00393285363884,243.00201221954876,231.3450088793901
15,2804,rock,94.43886317224914,237.9266171782906,239.66393900812562,242.30503918376786,230.29990300205498
15,2805,rock,108.09719811426271,244.9987832367823,244.98714268659893,248.20750775081393,235.7109545142489
15,2806,rock,55.43794752890729,211.50373240994128,227.00469457328148,234.15969512285375,225.22523334729206
15,2807,rock,44.317440049876296,212.1395955381702,225.52213054921953,232.14558232440203,223.78164423274254
15,2808,rock,58.90003782821235,216.6131090062031,223.89378070549284,232.15960208922388,226.25169697676662
18,3089,rock,73.50250527764439,236.45711173890282,233.19926118548833,236.2422251857379,224.50807793715302
18,3090,rock,78.70974967675185,238.308100241838,236.40394811177336,238.7369803477031,225.24463827957052
18,3091,rock,82.01260369104237,237.48143510697562,235.21323860168005,237.71031955327553,223.23015237900643
18,3092,rock,83.6184040567462,237.5316444438169,235.0156883658389,237.25160372271293,222.3865381016989
18,3093,rock,73.64176447524524,234.74503278676175,231.6721879868095,232.26569497159193,217.82103535757244
18,3094,rock,78.15468723909258,238.03282662110638,233.51153152178773,233.13357204997226,217.89463391009625
18,3095,rock,72.53069104561204,236.75569909613748,233.66225484486264,232.95328846365354,218.90315234369717
18,3096,rock,79.80267597481833,239.01004749058058,236.1048700616684,234.31665046212913,218.59845211978535
18,3097,rock,70.19479441882514,236.8642527596473,233.31452970251172,233.26800020192707,218.91947504954734
18,3098,rock,73.35916372435892,236.7895692708787,232.96819107662756,232.3898148495568,220.72624026822882
17,3156,rock,49.32036622902351,235.29920824913475,235.7938136996076,238.8847789185502,230.00775480995097
17,3157,rock,46.85159364851865,228.49882352711109,233.3068278353835,238.48977149525538,229.68315826074445
17,3158,rock,53.43926242697668,222.50585231935682,227.3941623705631,234.32106257557976,225.75802728451364
17,3159,rock,51.3526132203936,223.96460280695342,233.94352716714616,241.64430970364205,230.5386463723165
17,3160,rock,43.33596518463787,223.42773973761325,236.19323013937466,243.53539391049944,230.42174969305202
17,3161,rock,67.91498735765009,232.12968544365026,237.84625470542028,243.72042671373347,235.02018154849424
17,3162,rock,41.25560766468949,224.44937401007635,237.32003188200133,243.8034223149085,231.65305816972602
17,3163,rock,40.135211484983806,220.0984927551174,232.8170863610602,241.8083166585074,230.60026470828723
17,3164,rock,32.26562167969018,219.27507558130813,227.39451664321552,236.3820238392269,224.55660972839888
19,3333,rock,77.54547260243058,229.7082210293942,228.80542288689634,234.46070287465477,226.12863463263517
19,3334,rock,88.48823668759482,246.67475604283362,248.1133023530138,250.49872719519993,238.43805638208715
19,3335,rock,99.38401154372364,245.13600144663343,242.09356620842786,244.59885705884076,234.5957141574471
19,3336,rock,83.08602462588695,237.34461994796482,238.9929330314529,244.57990331392693,233.93242931410853
19,3337,rock,99.08030429729452,249.48051327782946,246.96148514578252,251.77948398178938,236.81953067897717
19,3338,rock,85.96897762927188,247.6966392534405,247.92751433034564,250.27692482755373,236.17247678610772
19,3339,rock,94.46552202301797,245.5175719776066,245.96304789437286,251.69967038850479,237.46685630176088
19,3340,rock,102.71985982370347,251.08398323297132,247.6349945902503,252.35470352666866,237.8063906418148
19,3341,rock,101.00502716350348,251.635468375039,250.24421758663146,253.9774930696578,239.32065888752922
19,3342,rock,99.26049567654461,254.24065533619293,251.36078229159915,254.886848854703,238.84456642206715
20,3511,rock,84.40908461729326,222.4794577988529,226.22768509606496,231.36855042905808,211.88799734556403
20,3512,rock,89.17022475192452,225.14021508262627,231.79365711187953,235.78571483536155,223.70927346150995
20,3513,rock,97.5544414302181,230.5099685603306,241.0083817510688,241.45166389881416,229.96644937980412
20,3514,rock,95.6946135158023,234.24828024321835,240.89927631243714,244.89570519983786,233.1756981180396
20,3515,rock,108.25762506979456,237.71991689910422,239.17078364920238,242.18851360376658,226.56860178680532
20,3516,rock,71.27866769940725,235.21532926395972,244.81416677278526,247.7202655482275,239.19788797197413
20,3517,rock,52.71159660244362,217.43790706648983,223.92826370782723,227.99774836810676,191.81905421037655
20,3518,rock,58.30439165626097,222.72224958054517,230.26159154281487,235.0957882556273,226.02933055089096
20,3519,rock,84.77951359385266,228.3137777840593,230.3964083530773,238.6546733032337,229.54386526230803
20,3520,rock,85.23012481241108,239.14515785644548,239.60078876572547,241.6176238717289,234.53037276123686
21,3689,rock,58.29794406961134,228.59844229515232,229.94331134208022,236.5525055973685,229.04428107302033
21,3690,rock,45.334342539944544,190.53017193068803,210.55949859871816,219.69406171768682,206.16155747661458
21,3691,rock,51.09627059997884,210.99578551347852,221.38373145901735,225.56152877904736,216.57869997340833
21,3692,rock,49.516638646534325,224.54702174594712,224.51525076476932,230.53300512787487,223.70559067417804
21,3693,rock,63.829312922807866,217.2252055459124,219.26338473756147,223.31495544618696,210.0139121032618
21,3694,rock,60.512689493820794,228.2127949632152,228.0218482118786,233.4680635342698,225.11240238783986
21,3695,rock,57.222331570715674,221.68239269218316,224.78608356735546,234.96086807669187,226.8621072782159
21,3696,rock,63.725103568320115,223.94259952007602,224.79566340031062,231.6552304664194,220.9242861252415
21,3697,rock,53.74460573144833,221.08923242288023,224.58282856915542,231.30646921080407,220.8804820646625
21,3698,rock,61.705589555526466,205.08832426264132,213.662731862967,221.76706908827472,210.2094006910955
22,3867,rock,64.16114282479275,198.75650073387533,222.16315095007715,225.6949839389572,214.16683713390114
22,3868,rock,33.98485754150776,161.344858766783,167.32161422293885,175.45713842056614,154.7369862017986
22,3869,rock,66.1850302296663,175.28246938318458,225.74279252931177,227.66814180021436,216.35179480344118
22,3870,rock,55.52340394431249,207.5923243735317,216.76854740021278,225.095609682726,209.9055661186684
22,3871,rock,66.42794444701485,222.0057881187187,231.49963115349186,231.10236386151743,221.34092707494423
22,3872,rock,78.18765952818698,223.4241859979945,234.69043233734354,233.7425471289523,222.953038042036
22,3873,rock,54.482713012335665,212.65008947295314,230.34136453294005,230.89442024641198,216.48232911605848
22,3874,rock,54.78826014519985,222.9426314451238,237.5091923507055,235.61658433772894,225.0124400322728
22,3875,rock,50.86541130266276,216.74671717498947,224.75920712391778,230.34071173870663,220.4855290689093
22,3876,rock,41.33952094326995,140.59684885523504,132.65610149436134,153.98989451671838,142.38966447638018
16,4045,rock,42.120607714528596,205.30447210273238,221.07108713196487,226.66710280884794,216.06982421320276
16,4046,rock,63.97801881552602,220.53564412349846,222.66334052644757,227.0795897225318,220.76397443183524
16,4047,rock,53.79240646194547,219.6314337116047,220.6010481755585,227.6910296263568,221.0667286137045
16,4048,rock,58.636925362027604,212.37659573187875,222.90007951712803,230.805132079097,222.85743206736765
16,4049,rock,52.938502608995684,222.5712197380512,229.53247131378905,235.61598576073274,224.66420094968296
16,4050,rock,53.05082046303568,216.85489245218673,227.98964732773027,232.85395798418216,225.0687445910371
16,4051,rock,55.05162609044156,218.66291285177545,225.32393419145276,231.3362973809884,223.82792647753894
16,4052,rock,54.117682823997214,219.03283832855232,227.315497101578,232.1304390734248,220.55296179470292
16,4053,rock,54.37793016924674,219.46318986882838,228.31540610654739,232.66264612828317,222.25986763005426
16,4054,rock,58.08035676567728,223.58176364315366,233.6052255385025,235.9556741608911,224.23778827689995
5,647,rock,73.20716992603423,212.58546315677594,222.79970129850213,222.62697302227684,219.77406271034627
5,648,rock,75.18065004311248,231.95271789276265,230.57639146941295,229.6050111468666,223.35854208478997
5,649,rock,91.48345014394816,253.80102849572566,240.3798048789662,238.47150768410535,225.02774609162645
5,650,rock,72.52768441862484,237.83115866124473,232.76537333705852,235.24779112588462,227.37989771403798
5,651,rock,95.23989861971647,254.10683050143462,241.38826618107365,243.87775709478248,232.00385762709377
5,652,rock,78.1184005632315,234.24147043757128,230.77276331266367,231.39307602560868,222.09825257880905
5,653,rock,83.34448080627683,244.75254980558714,234.99258280238888,232.7100041518886,219.2099060360933
5,654,rock,93.06852148563921,236.4156291035185,236.76791088888262,238.09805659195382,226.25698085655912
5,655,rock,85.31908393331283,247.76645256106417,236.31688359354632,234.6362269785807,224.39594684981623
5,656,rock,83.70093663448841,242.38420273703176,233.85472080210494,233.19058383320214,224.78781715244023
6,825,rock,48.34990111450425,221.43439430662357,232.42290753231816,234.97716612913976,225.32531801130986
6,826,rock,52.5259795141835,222.33143750301417,233.135935416675,235.9706130221303,226.75484157837377
6,827,rock,54.43615710710578,226.3252277942726,232.84137786430392,236.40408763757466,228.06759323581915
6,828,rock,56.452551107611406,224.87923117569915,231.6210958467373,235.48845303723573,226.3606439648785
6,829,rock,55.323118233388655,225.48098990554126,236.2748708450284,238.6357517312702,228.691959919129
6,830,rock,54.22275555342427,224.02028752676617,230.9978363583315,233.9458822779185,224.3343476092414
6,831,rock,52.810982037247435,223.6257823837084,232.8550251345074,236.47975377579115,227.42173941727123
6,832,rock,57.89281616976659,226.06996703061964,233.14609608669858,235.5650630932467,227.1529423020423
6,833,rock,58.45619908565589,223.92314414464286,230.92525303772538,234.97055854562103,225.7423109726203
6,834,rock,55.056117801381774,222.13622107275913,230.3916980175125,233.5801707199498,223.60290399878278
2,107,scissors,49.4839308574322,17.742998065778583,17.17363139142055,181.17325280561985,187.62023389903177
2,108,scissors,63.778977076293764,14.128028905311552,1.5442427343146043,183.4656599714145,182.87872313182908
8,1088,scissors,78.17556581769678,-29.481966933217013,1.0057927305389742,220.5050336058867,199.38814046172425
8,1089,scissors,78.33611702774382,-4.932665912104175,8.73917106241996,227.49017427027425,211.63702217825448
2,109,scissors,65.37095144130794,-35.19943994547312,-4.183812328255626,204.75494281175312,196.2134407673423
8,1090,scissors,80.04121171297446,19.02613303353497,27.4444747615066,210.44358214737602,203.13113660909636
8,1091,scissors,71.77727408233906,-20.14938147224577,24.235923127307277,221.42675596631213,208.24587753039938
8,1092,scissors,79.7754042601158,18.912637045053483,27.40630717210536,218.8334572819762,215.0318612199255
8,1093,scissors,62.41340707543767,-22.840934319851936,5.553798046214232,194.67052231644857,178.65590044089174
8,1094,scissors,54.30606089000994,-24.448496020241688,-0.3887977979510594,205.34670376836917,178.18041883599128
8,1095,scissors,81.43245734551503,14.562307616815845,17.564581601198693,229.0388805795053,212.55674594346834
8,1096,scissors,75.77047301908354,16.27864273153407,19.234215518055336,226.26257583117498,214.32387964138067
8,1097,scissors,68.79029198009009,10.879584347011967,6.083074915880418,209.67202874973495,156.59020954254626
2,110,scissors,70.4298214074248,-44.88580777526182,-1.3907274303723853,219.40187376346077,192.91755634781373
2,111,scissors,41.32904704887748,-47.44666977225352,-3.813159955338569,203.66895053355506,182.68595844909197
2,112,scissors,57.632282865330225,-45.52585318366908,-5.7756453734715585,217.25159023845958,191.36724996826317
2,113,scissors,65.04658433226116,-45.82066067842744,-15.581170424566277,191.1026994096472,169.0024063946155
2,114,scissors,36.30614413025654,-40.32754542178984,-3.917749473625941,203.06560215376507,191.72030591915717
2,115,scissors,65.7829754103995,9.345843458979505,0.8074144944068766,194.38846004497216,191.99063474637492
2,116,scissors,60.16012003389625,11.177345042588712,-0.10248619011685646,195.36597499906307,194.59131037191273
9,1266,scissors,77.79726340172753,-29.174182251219204,10.461833194012808,188.98313095637312,188.74024225674958
9,1267,scissors,76.73792113786635,-25.588591531495076,129.375546971786,216.38722476022943,202.86562770458318
9,1268,scissors,72.88563507745205,2.1103828514928438,146.97192145557298,205.73867901198963,207.10287854779207
9,1269,scissors,81.64176905008742,1.0553367708271102,19.08763287360758,207.80356630357457,208.31414381092046
9,1270,scissors,82.57252976331264,-31.879740180300026,-1.9294401994272419,192.07297149714663,187.40116093840714
9,1271,scissors,82.4973890208195,1.6540363090999777,2.1285857555490235,203.01343162541693,197.75934847476256
9,1272,scissors,78.56659982514314,-21.55745342025951,4.069863172894201,159.2673104009347,184.19126450012988
9,1273,scissors,80.5803465831949,-24.59057093481443,5.536590431586774,126.36310103898872,195.04527702706713
9,1274,scissors,85.1508668303788,-22.2232311827086,10.866279219349158,163.37408589194104,201.4480745149219
9,1275,scissors,85.4816696472653,-30.726241450031267,4.480137100180966,194.48406671546923,208.67052798888798
10,1444,scissors,65.41393413699146,-8.286526256111417,9.838412473630571,180.6131915216959,157.6276766050246
10,1445,scissors,69.4722730103924,-14.413019789581808,18.723886203612302,200.5374179960911,179.64136151737276
10,1446,scissors,69.9328301192816,6.38262195559688,8.777817757495653,183.87648869839236,172.52094787469562
10,1447,scissors,62.348393239014065,7.544427797566279,14.441146300324565,193.4924930766972,189.303922190866
10,1448,scissors,65.60882028896683,-24.702117430969068,6.504542936956925,192.06711400626352,170.45305519612802
10,1449,scissors,71.31784279636332,-12.99522777228438,12.954512911162542,165.92240832086793,159.13810219555776
10,1450,scissors,68.1449206697758,1.2941749204084807,15.344642765472553,162.67437769751396,152.26088230692656
10,1451,scissors,60.17926828853309,-3.5291450256924026,17.743625529311444,145.7634777028616,153.56754031496132
10,1452,scissors,62.27157660059249,-4.712077698829064,12.746869599243707,211.86643592160013,185.6696646319585
10,1453,scissors,63.4073593086708,7.999029707259348,10.615774807375347,154.86753940592178,145.59778950563341
11,1622,scissors,91.85480478054531,-21.14218765279096,12.848924176476208,202.93829629932492,195.46114216361934
11,1623,scissors,69.11566496839015,-12.514172228730498,191.99890422598156,213.1965719507499,210.12653301383045
11,1624,scissors,87.26861954933888,-18.913623884828343,212.7734602936041,222.85846710193147,215.7076337339727
11,1625,scissors,83.50474504371422,-5.267903404596076,195.69660581521816,202.52919460065633,188.98920512506345
11,1626,scissors,73.2548613264225,-21.539067405115198,214.38985005524145,220.51330679417174,203.87586475067988
11,1627,scissors,94.7302280860951,-6.749993543650039,17.451433002021062,170.73084775886502,172.27220572502137
11,1628,scissors,53.928925598374065,-2.9475928151123125,8.043366079168583,201.55424331615933,187.49068177999018
11,1629,scissors,70.61084081769661,0.5983204419906244,8.153796093402295,207.7017807421889,196.85416459480467
11,1630,scissors,57.80474190852301,5.679886094299602,8.368753351363019,193.79814157457716,181.01353301398976
11,1631,scissors,67.47607051636527,-6.658419388329529,10.307816450647422,206.45910215916197,195.15606583647502
23,1800,scissors,52.701548214149895,12.956212824469745,14.776465361504517,222.41436775912112,205.36627633749745
23,1801,scissors,54.70523007553892,-1.614116816009785,2.1268825656886756,212.50253800902306,195.51922900474474
23,1802,scissors,46.0105545733768,-15.672656609893552,-2.377918175652529,204.3573964272073,198.95137329724625
23,1803,scissors,63.50091157445785,-4.9566110914095,1.7921506396379294,221.42419284520722,199.38544857745075
23,1804,scissors,59.345086723906476,6.551330105335784,6.115080270819143,212.49326369115275,192.4543258026562
23,1805,scissors,67.46620938068645,4.6457817371616095,9.11000629630172,218.011503686034,198.88126649605923
23,1806,scissors,56.96191498725692,5.876577471538332,2.0779270916510617,205.4589360152423,181.00768534099953
23,1807,scissors,44.58585769204652,-0.3266020783862037,6.8574783648059405,212.00573908300066,203.70027279733537
23,1808,scissors,45.20289464839653,0.19575645990423451,7.388105620412693,214.09989785645396,200.8818509754768
23,1809,scissors,64.67177838091428,-1.0710856834996407,7.176909498808295,219.0157878504789,205.63247549575283
24,1978,scissors,66.57571093655936,-36.79405197598481,-3.3232320008629173,147.66463106194018,165.58512173865833
24,1979,scissors,59.043184146996914,-33.475299852901976,2.751921291702056,88.01310069210783,148.34029602546153
24,1980,scissors,62.49578840347122,-34.41369471388329,3.2267189002180943,146.82918848198463,173.14795600053543
24,1981,scissors,67.09923060541887,5.506870866308441,11.891692159042544,194.31255434651786,178.8255374070745
24,1982,scissors,73.06396914838717,-33.793095131102206,1.1048633954874763,152.08298963905924,164.0564120329235
24,1983,scissors,68.70727032380479,-35.86342721917974,5.0703645227332546,112.03497180198555,170.74405219397946
24,1984,scissors,66.27891399880832,-37.50467034898462,0.7379306964828294,190.61480068014845,174.2160914280855
24,1985,scissors,65.62271714913688,-41.117683570732325,-5.314773423807577,187.22515969043528,176.8981868848675
24,1986,scissors,58.893926777400324,-33.26325371098913,1.583378815641229,188.43189444593872,173.59614485132784
24,1987,scissors,65.16970876676363,-33.825117893664356,1.1873035540034997,153.63019273700402,185.56089988550326
12,2159,scissors,47.12723337213887,16.314189293544487,9.057914694502315,204.34853362610573,177.74520172175056
12,2160,scissors,54.90359110684301,15.962210360635902,4.493442835620331,210.40822118748147,182.70233781731602
12,2161,scissors,62.137886187025885,18.04057761172448,8.125425181655924,212.49899695314866,192.87122221208745
12,2162,scissors,60.13434611508028,18.132595950852828,8.028547327359298,213.22628926003415,196.59406097431278
12,2163,scissors,60.38319417862521,18.905055879152695,5.823759528504211,212.42961833084826,201.65006411747947
12,2164,scissors,65.04212329722309,18.89063814630283,6.016259546138071,205.33301755663885,184.75950744131006
12,2165,scissors,60.93561668299181,18.633878380134707,5.359909948402766,208.43763326089473,187.4402906439149
12,2166,scissors,65.14277986068019,18.23941889107922,2.0747525505043547,205.8282081588289,182.77493635296764
12,2167,scissors,64.78849644126694,16.529889466502627,5.526268063232616,206.02933463768505,182.67625851234965
12,2168,scissors,56.660830215736596,18.627386510035546,6.608309955086106,210.22735536832556,186.56218666603934
13,2337,scissors,53.87252912791209,17.85287731905065,3.5317585329379586,201.30753858041462,169.56563758449926
13,2338,scissors,48.24307528023404,9.272229401797224,3.7655244290962693,204.4749692666484,183.31163555119207
13,2339,scissors,56.37325021761491,18.382727738155655,0.9285292383027735,204.18905736437472,182.4950510292099
13,2340,scissors,59.35718914775188,16.096418847480116,8.206746747113934,167.8024834325838,171.21269164654325
13,2341,scissors,49.22376702175919,19.87875642102215,8.237233203482093,175.14560492436806,156.83475310730122
13,2342,scissors,60.46357174381872,15.078268954680242,7.609139565102419,209.08792450684356,188.66629679741501
13,2343,scissors,55.28425972742248,19.141017803835904,1.6968860815007167,203.05921528248103,177.05904186190025
13,2344,scissors,63.06101113299731,14.08093393583073,10.193888046106803,200.24155191954787,178.0773530043146
13,2345,scissors,51.29860163386544,-28.046479200363393,3.4994465356810873,185.17514992033992,176.76372383202911
13,2346,scissors,64.2708041763248,14.3401054792918,5.572199875176533,176.59690974510264,165.2895242193104
15,2694,scissors,66.1994592522384,5.8015163227830735,10.17734582627742,192.06369311875957,169.79814473382697
15,2695,scissors,83.50434350633802,10.649866403168126,9.440205254986065,202.73668949950127,177.42257903661357
15,2696,scissors,-9.764906224647335,10.682160634629906,27.739685455249354,214.5579326579537,180.2860985573012
15,2697,scissors,88.59245592433697,21.699666756061795,29.85257771714104,228.8417173699992,195.82622295245287
15,2698,scissors,77.51332907708031,23.715580818215187,32.2039528180078,214.97662039663174,183.7018896535236
15,2699,scissors,81.09871993091174,19.837849528407443,27.588754922188514,212.3842792277795,174.29805522269072
15,2700,scissors,68.26539253618414,16.508758984773483,24.594166618510986,198.14914143652135,170.373630198557
15,2701,scissors,77.33072139272204,14.057284955799666,24.74964745527821,218.6074351060079,191.0513836600701
15,2702,scissors,65.32101407660802,22.512928563962408,24.565321406975663,179.6140619952394,163.8386096346692
17,2873,scissors,64.03041176024756,4.789214613078399,21.374443861853425,213.31015454378453,187.4171892388605
17,2874,scissors,66.40466332744697,11.10514354730839,22.846041927453708,197.67457365828324,168.53405282325477
17,2875,scissors,51.610410209368716,4.819831315340377,21.889643983351167,192.97629033276556,179.3045317222526
17,2876,scissors,63.629681486085985,6.44764417166415,20.46994564131045,218.99494477029035,194.24184451123423
17,2877,scissors,75.16640370230749,3.553520681558123,18.373431122537426,217.61373714134135,195.7375574395233
17,2878,scissors,70.11026205757642,9.763103578289375,19.272013486836983,218.3946340882989,188.7835546738819
17,2879,scissors,70.00295292405303,6.750422632620179,22.223779040840835,223.64792807668786,199.77867170365946
17,2880,scissors,62.48315584381972,5.858264029054775,18.200319536356666,220.69982488735684,199.24761470101294
18,2983,scissors,85.58009621091135,19.879589828877243,53.50446485480017,217.2547464754779,199.62538405269515
18,2984,scissors,53.69764110739886,35.888515811881106,51.65802481820188,198.71722688717264,182.15989348441715
18,2985,scissors,75.51792207224908,22.572120955850565,45.08725542480834,217.70409792340567,200.16839231865362
18,2986,scissors,100.40766147292197,17.07980875870602,37.11334059888214,217.12660320810878,209.9900928013927
18,2987,scissors,70.95626447539526,22.115746880562778,56.44407184497902,181.74559496690634,168.15338925000918
18,2988,scissors,87.61737029437343,4.094997392585373,24.51050533572494,227.9934641713781,211.34837903646545
18,2989,scissors,58.74115804472634,29.11402454712243,65.28548179425627,230.84469446479707,211.9760455590686
18,2990,scissors,81.85137518081005,12.281434596393751,31.387045599145786,225.0559692323556,203.82043335981297
18,2991,scissors,82.89053514065871,5.584386733388347,27.299187147310615,225.8289855536679,204.0485109005658
18,2992,scissors,75.3729612185795,20.784717996483327,50.092355782334884,216.13500544809204,200.1346438106372
19,3227,scissors,88.92361209420075,12.582460784171447,32.52856267745706,221.86076893172725,194.62887135310538
19,3228,scissors,76.8850880510162,12.653454501476421,29.81898531945261,214.0346899576016,194.44510032878165
19,3229,scissors,83.81330759795247,11.693884399133124,31.382738375152265,218.2324625929966,187.7382543054163
19,3230,scissors,88.2052164607153,14.097714702258658,32.64406527297436,224.5715456809641,192.58342960369856
19,3231,scissors,78.63625010717446,16.3142079698099,34.510676262964466,198.2140141145043,185.77931774429845
19,3232,scissors,69.60734724169869,13.510916985926183,34.58733407536195,217.00599161850056,184.32325824432613
19,3233,scissors,72.70632426110869,9.072573236957652,36.34003355220884,223.4344960251129,197.7213836955793
19,3234,scissors,71.26608541863932,13.614891044061809,15.834659188746743,151.66209748019241,145.69671517693482
19,3235,scissors,77.09050489051708,14.257332751321407,36.134594808976075,214.88668271901938,191.90912804197995
19,3236,scissors,49.29119011596491,17.273484950814492,29.432934711126293,166.9654055446999,158.81616487274775
20,3405,scissors,80.68068967782541,14.521904870291918,20.634148262195314,207.76218911253707,179.1335183685745
20,3406,scissors,87.28328939217701,18.10151067245475,28.16522656018182,214.3533629308666,182.2731215263288
20,3407,scissors,81.64570472643543,11.325316773499464,17.992578990701503,215.74070067215047,186.14001239274478
20,3408,scissors,83.50999253063065,13.4530799145247,15.320752442533522,210.9670927822224,176.7485001558952
20,3409,scissors,94.11421288640244,10.750629610697336,18.63567326293779,214.87281068766475,178.52044755489908
20,3410,scissors,86.79532036950367,13.682456741337921,14.770714731125258,218.7544322840224,183.3868856946399
20,3411,scissors,85.44179366827207,12.224475410565091,11.72379792720569,206.9253999552291,167.845307739096
20,3412,scissors,101.19720278281167,18.178561676449032,23.81308986584134,208.24654753504882,173.46891499180074
20,3413,scissors,91.33583315308795,20.234933315682923,23.521174962932324,208.05080177050937,174.7828053745225
20,3414,scissors,88.83361049540842,14.704130556939415,17.80882697693949,219.13244598818622,179.7195402377295
21,3583,scissors,-4.920536041309072,0.2990963655603881,16.40196579212722,211.73938270649973,202.41355109754323
21,3584,scissors,-32.50222722234501,3.2436979225369775,29.337210280955336,239.1197131309586,210.761793428974
21,3585,scissors,-31.484873053220007,6.194316921293759,29.45382401967257,238.37871841618093,214.95843481647609
21,3586,scissors,-32.036781271193654,3.29888735536584,25.071260095440845,231.52434265382198,208.86719379704198
21,3587,scissors,-15.031215964823344,4.709646691122428,28.283821603787672,228.69420129430623,207.43582304626167
21,3588,scissors,-15.011080465525795,3.363302966472326,26.40619479910642,228.9800854484007,207.94485075286403
21,3589,scissors,-31.834362329017736,2.523461238144833,23.03367661626404,230.27281640899028,206.42730438115575
21,3590,scissors,-15.043085806541105,1.0723308092139645,23.707112699028897,224.92126107373377,207.1367275920358
21,3591,scissors,-32.471687193900536,1.0206554371027436,20.81951225149219,208.88109291655584,178.93931162781118
21,3592,scissors,-32.833995048609744,0.2998208270590618,14.253837532479462,222.09856659399833,189.53819048247001
22,3761,scissors,58.27492666696803,-19.05318336521448,17.325957528891323,156.3612774547099,151.5307418084501
22,3762,scissors,68.95281054521637,-18.034318422272484,16.436176110662487,186.83797610293215,170.18185332231326
22,3763,scissors,35.17371947404199,-23.003991643827106,2.748773768801339,169.30288180366242,162.3024589985774
22,3764,scissors,44.53773859504233,-17.45431974562298,109.42078670061616,193.2738354946109,174.2636738324673
22,3765,scissors,20.137378746282675,-20.308059441893953,55.50967304452336,178.8248741571317,164.3266750618042
22,3766,scissors,40.1296104328261,-18.100297752494082,6.158490187180067,174.0442325538622,162.35551089045137
22,3767,scissors,69.5641185808828,-1.0372515555617952,5.756045760274033,191.96130025013863,169.7902456689291
22,3768,scissors,40.038320902877935,-18.98634592920816,46.96148654081232,181.29589376343674,166.88671383269184
22,3769,scissors,25.082691710681708,-21.290027465448095,3.234063490076632,29.1358409551972,85.64184070895497
22,3770,scissors,53.38395128683315,9.112452581864808,63.86928684812998,199.9709134272792,191.37152467012265
16,3939,scissors,33.27373858052663,15.164198127872359,12.935455483319389,221.99051969667056,194.05341159361004
16,3940,scissors,57.59467828686409,18.04607126583238,20.021603907831,221.27090946874884,190.52111591614292
16,3941,scissors,60.7120776912118,18.555306168638257,16.045513174217874,225.9988062990469,189.59557292075078
16,3942,scissors,57.18553765782205,-34.48016353147417,16.789624120097802,214.23670564400754,178.0638632232642
16,3943,scissors,64.97540140451817,18.479778682121857,11.128452734497586,227.6630270126384,178.4911218046869
16,3944,scissors,46.00247037921705,18.357099497241002,12.38925730017421,221.14127005139628,180.48393236270175
16,3945,scissors,45.263795506250574,18.39509745615663,6.759217113070083,214.41613298915885,165.8565880101332
16,3946,scissors,44.378433318829835,15.430153754071464,43.169245941125006,218.28291192557734,185.46234576220883
16,3947,scissors,45.192884892452206,15.005273886682165,5.046441464373644,200.25435880095714,165.15406900250656
16,3948,scissors,44.52975352024868,18.10574038692856,17.066280351689446,216.32887732733383,176.99688275308037
14,4061,scissors,1.1039601153977643,-10.81528720166864,28.95977805368832,99.64633812350591,79.87183458598759
14,4062,scissors,-0.2665141531540606,-10.941976990418091,10.53727607765071,72.9220587063779,102.0627863961407
14,4063,scissors,4.050488994160482,-7.225226341251228,27.51329397678306,62.51642263400428,72.10129325317268
14,4064,scissors,0.9607655771729052,-15.562357818383703,11.05604936046473,66.62190808852914,82.70627989965239
14,4065,scissors,9.546585914407785,8.70771028238489,15.259119901059778,64.4409344697943,77.8489076953584
14,4066,scissors,5.613436143556332,-13.42082896549955,9.368495408101806,95.89163875578238,96.19703030239218
14,4068,scissors,-3.308898239696191,-15.556342329063808,9.04634383917391,118.13739338529147,88.46821609970961
14,4069,scissors,87.41404691942711,-13.494711270000227,12.618039404231844,60.781721075910916,61.45302177207298
14,4070,scissors,-27.7195447834293,-19.536400520436224,22.248254130336694,162.12411239643532,122.34469798492633
5,541,scissors,73.92673144553302,-19.435701365196927,9.420492641635372,203.71199933343297,188.22214664924599
5,542,scissors,64.49789466883992,11.37868677711153,9.293719227588285,176.62012253248076,183.92525356668452
5,543,scissors,56.84572878954647,-24.271633505613146,-0.06198986065785353,197.82863247889077,173.81724462914624
5,544,scissors,63.780679284944995,-21.76157552326575,8.429635739853587,205.83014368875237,185.72108163682967
5,545,scissors,58.069551905851995,-30.03138407241174,2.7235958578326747,202.3356261182005,178.14824912286267
5,546,scissors,64.08628105426705,-33.65559846701285,-2.4578059746516616,205.3100051388471,189.6125758888591
5,547,scissors,60.280804322943,-32.878072692140506,2.8216866808725802,192.43216799236626,172.76138949237225
5,548,scissors,62.8782799880845,-32.08297274707985,4.351919580988113,182.16414085831914,161.22360288615138
5,549,scissors,61.05528355470107,-31.423162575992734,-2.2198159500482584,181.36678823456742,153.9314342166688
5,550,scissors,68.0541279969885,3.246499043732901,9.265632587738567,209.53213078211056,185.3449628916277
6,719,scissors,73.65821122650162,-18.731591805143278,2.9861645603236413,184.51102076730115,178.5135999925787
6,720,scissors,74.60474368335419,-21.127372341035546,7.032527773452341,178.7180477460346,129.06120379232553
6,721,scissors,80.97206918463826,0.7530980625366616,15.68063064275458,216.61081983997164,201.14581898259092
6,722,scissors,74.39497688285871,-28.53561183246034,-3.5501326301834504,184.12709355544868,156.05829747103434
6,723,scissors,78.66814082837581,-28.885093875744545,5.52112585097259,205.5232295819053,188.4643740440313
6,724,scissors,88.98941089437413,-21.442673383956286,8.066498388366245,202.75284990560306,136.98839119412565
6,725,scissors,90.74520863189672,8.12716936541532,12.03927453677438,203.02503698934504,149.08191950477075
6,726,scissors,79.39410315088675,-30.03824021989447,-1.8714244921171235,180.16698926232337,83.1669958469061
6,727,scissors,79.11028131707812,-21.153836441933414,-1.6354543649040587,179.20535616494016,123.778300251601
6,728,scissors,80.70420483917633,-29.181410895777123,-4.861785124113105,173.1461410480827,173.61655267068554
